INSERT INTO USLUGA (ID, Nazwa_Uslugi, Opis, Cena_Minimalna, Cena_Maksymalna, Specjalizacja) VALUES
	(1, 'Serwis klimatyzacji', 'Czyszczenie i konserwacja klimatyzacji', 100.00, 150.00, 1),
	(2, 'Wymiana oleju', 'Wymiana oleju silnikowego i filtra oleju', 50.00, 80.00, 2),
	(3, 'Przegląd techniczny', 'Pełen przegląd techniczny pojazdu', 120.00, 180.00, 3),
	(4, 'Naprawa hamulców', 'Naprawa układu hamulcowego', 80.00, 120.00, 4),
	(5, 'Wymiana akumulatora', 'Wymiana zużytego akumulatora', 60.00, 100.00, 5),
	(6, 'Diagnostyka silnika', 'Komputerowa diagnostyka silnika', 90.00, 130.00, 6),
	(7, 'Wymiana filtrów', 'Wymiana filtrów powietrza, oleju i paliwa', 40.00, 70.00, 2),
	(8, 'Naprawa zawieszenia', 'Naprawa uszkodzonego zawieszenia', 110.00, 160.00, 7),
	(9, 'Regeneracja turbosprężarki', 'Czyszczenie i naprawa turbosprężarki', 150.00, 200.00, 8),
	(10, 'Wymiana tarcz i klocków hamulcowych', 'Wymiana zużytych tarcz i klocków', 70.00, 110.00, 4),
	(11, 'Przegląd klimatyzacji', 'Sprawdzenie i uzupełnienie czynnika chłodzącego', 80.00, 120.00, 1),
	(12, 'Wymiana rozrządu', 'Wymiana paska rozrządu i rolki napinacza', 120.00, 180.00, 9),
	(13, 'Naprawa elektryki', 'Diagnostyka i naprawa układu elektrycznego', 100.00, 150.00, 10),
	(14, 'Wymiana amortyzatorów', 'Wymiana zużytych amortyzatorów', 90.00, 130.00, 7),
	(15, 'Wymiana świec zapłonowych', 'Wymiana świec zapłonowych i kabli', 50.00, 80.00, 6),
	(16, 'Naprawa układu wydechowego', 'Naprawa lub wymiana elementów układu wydechowego', 80.00, 120.00, 5),
	(17, 'Wymiana chłodnicy', 'Wymiana uszkodzonej chłodnicy', 110.00, 160.00, 3),
	(18, 'Diagnostyka układu ABS', 'Diagnostyka i naprawa układu ABS', 70.00, 110.00, 10),
	(19, 'Wymiana kierownicy', 'Wymiana uszkodzonej kierownicy', 130.00, 180.00, 7),
	(20, 'Przegląd ogólny', 'Szybki przegląd ogólny pojazdu', 40.00, 60.00, 9);

INSERT INTO POJAZD (VIN, Producent, Model, Numer_Rejestracyjny, Data_Zakupu, Gwarancja, Wlasciciel) VALUES
    ('WVWZZZ1JZXW000001', 'Volkswagen', 'Golf', 'KR12345', '2022-01-15', 2, 1),
    ('WAUZZZ8K0BA000002', 'Audi', 'A4', 'WRO9876', '2021-05-20', 3, 2),
    ('VSSZZZ5FZHR000003', 'SEAT', 'Leon', 'POZ5438', '2023-02-10', 4,3),
    ('TMBKZ45L9DR000004', 'Škoda', 'Octavia', 'GDA9876', '2020-11-08', 2,4),
    ('ZHWBU47S76L000005', 'Lamborghini', 'Gallardo', 'KRA6543', '2022-09-30', 2,5),
    ('SCBLC43FX6CX00006', 'Bentley', 'Continental GT', 'TRO3210', '2023-04-05', 3, 6),
    ('YS2K6X20001800007', 'Scania', 'R-Series', 'WAW9876', '2021-12-18', 2, 7),
    ('WP0ZZZ99Z6S000008', 'Porsche', '911', 'BYD4567', '2020-07-25', 4, 8),
    ('WMA06XZZZ5S000009', 'MAN', 'TGX', 'GDN7890', '2022-06-12', 3, 9),
    ('VSSZZZ5FZKP000010', 'Cupra', 'Ateca', 'SZC3210', '2023-03-22', 2, 10),
    ('WAUZZZ8K0BA000011', 'Audi', 'A3', 'KRK9886', '2021-09-14', 2, 11),
    ('WP0ZZZ99Z7S000012', 'Porsche', 'Panamera', 'POZ5431', '2020-04-30', 3, 12),
    ('WAUENAF44HN000019', 'Audi', 'A4', 'SZC9876', '2021-10-26', 4, 13),
    ('WAUBGAFL6CA000016', 'Audi', 'A6', 'GDA6543', '2020-12-02', 2, 14),
    ('WVWZZZ3CZDE000020', 'Volkswagen', 'Polo', 'POZ5481', '2023-02-10', 3, 15),
    ('WAUZZZ8K0BA000021', 'Audi', 'A3', 'KRK9876', '2021-09-14', 2, 16),
    ('WP0ZZZ99Z7S000022', 'Porsche', 'Panamera', 'POZ5435', '2020-04-30', 3, 17),
    ('WAUENAF44HN000023', 'Audi', 'A4', 'SZC9866', '2021-10-26', 4, 17),
    ('WVWZZZ3CZDE000024', 'Volkswagen', 'Polo', 'POZ5422', '2023-02-10', 2, 18),
    ('WAUZZZ8K0BA000025', 'Audi', 'A3', 'KRK9877', '2021-09-14', 3, 18);
    
INSERT INTO KLIENT (ID, Imie, Nazwisko, Email)
VALUES
    (1, 'Jan', 'Kowalski', 'jan.kowalski@example.com'),
    (2, 'Anna', 'Nowak', 'anna.nowak@example.com'),
    (3, 'Piotr', 'Wójcik', 'piotr.wojcik@example.com'),
    (4, 'Katarzyna', 'Dąbrowska', 'katarzyna.dabrowska@example.com'),
    (5, 'Marcin', 'Lewandowski', 'marcin.lewandowski@example.com'),
    (6, 'Magdalena', 'Witkowska', 'magdalena.witkowska@example.com'),
    (7, 'Mateusz', 'Kaczmarek', 'mateusz.kaczmarek@example.com'),
    (8, 'Agnieszka', 'Mazur', 'agnieszka.mazur@example.com'),
    (9, 'Bartosz', 'Jankowski', 'bartosz.jankowski@example.com'),
    (10, 'Monika', 'Kowalczyk', 'monika.kowalczyk@example.com'),
    (11, 'Kamil', 'Szymański', 'kamil.szymanski@example.com'),
    (12, 'Natalia', 'Woźniak', 'natalia.wozniak@example.com'),
    (13, 'Michał', 'Kamiński', 'michal.kaminski@example.com'),
    (14, 'Karolina', 'Lis', 'karolina.lis@example.com'),
    (15, 'Łukasz', 'Zając', 'lukasz.zajac@example.com'),
    (16, 'Ewa', 'Krawczyk', 'ewa.krawczyk@example.com'),
    (17, 'Tomasz', 'Piotrowski', 'tomasz.piotrowski@example.com'),
    (18, 'Kinga', 'Grabowska', 'kinga.grabowska@example.com');

INSERT INTO WIZYTA (ID, Cena, Wycena, Wywiad_Z_Klientem, Czas_Naprawy, Data_Godzina_Przyjecia, Data_Godzina_Odbioru, Termin,Pojazd ,Status_wizyty)
VALUES
    (1, 150.00, 200.00, 'Proszę o sprawdzenie silnika. Auto ma problemy z odpalaniem.', '04:00:00', '2023-01-10 07:00:00', '2023-01-10 13:00:00', '2023-01-10 7:00:00','WVWZZZ1JZXW000001',2),
    (2, 80.00, 120.00, 'Awaria hamulców, proszę o naprawę.', '05:15:00', '2023-02-15 9:00:00', '2023-02-15 16:30:00', '2023-02-16 09:20:00','WAUZZZ8K0BA000002',2),
    (3, 200.00, 250.00, 'Diagnostyka silnika, check engine świeci.', '05:15:00', '2023-03-20 10:45:00', '2023-03-20 18:00:00', '2023-03-21 11:00:00','VSSZZZ5FZHR000003',2),
    (4, 120.00, 160.00, 'Wymiana oleju i filtrów.', Null, '2023-04-05 08:00:00', Null, '2023-04-05 09:45:00','TMBKZ45L9DR000004',3),
    (5, 90.00, 130.00, 'Proszę o sprawdzenie układu wydechowego, głośne dźwięki.', '05:20:00', '2023-05-12 09:45:00', '2023-05-12 15:50:00', '2023-05-13 10:00:00','ZHWBU47S76L000005',2),
    (6, 180.00, 220.00, 'Naprawa układu kierowniczego, trudności w prowadzeniu auta.', '05:15:00', '2023-06-18 11:30:00', '2023-06-18 19:30:00', '2023-06-19 11:30:00','SCBLC43FX6CX00006',2),
    (7, 100.00, 140.00, 'Wymiana tarcz hamulcowych i klocków.', '04:30:00', '2023-07-24 18:45:00', '2023-07-25 17:45:00', '2023-07-24 18:00:00','YS2K6X20001800007',2),
    (8, 150.00, 190.00, 'Proszę o diagnostykę silnika, spadek mocy.', '03:15:00', '2023-08-10 09:30:00', '2023-08-10 20:00:00', '2023-08-11 09:00:00','WP0ZZZ99Z6S000008',2),
    (9, 80.00, 120.00, 'Wymiana filtru powietrza i sprawdzenie układu paliwowego.', '04:30:00', '2023-09-14 07:45:00', '2023-09-14 19:45:00', '2023-09-14 08:00:00','WMA06XZZZ5S000009',2),
    (10, 120.00, 160.00, 'Naprawa układu chłodzenia, auto się przegrzewa.', '07:10:00', '2023-10-18 12:00:00', '2023-10-22 14:00:00', Null,'VSSZZZ5FZKP000010',2),
    (11, 200.00, 250.00, 'Wymiana rozrządu, zalecana wymiana.', '04:30:00', '2023-11-08 10:30:00', '2023-11-08 18:30:00', '2023-11-09 11:00:00','WAUZZZ8K0BA000011',2),
    (12, 90.00, 130.00, 'Proszę o sprawdzenie układu hamulcowego, ścierające dźwięki.', Null, '2023-12-05 14:15:00', Null, '2023-12-06 14:00:00','WP0ZZZ99Z7S000012',1),
    (13, 120.00, 160.00, 'Wymiana akumulatora, problemy z rozruchem.', '04:30:00', '2024-01-18 08:45:00', '2024-01-18 16:15:00', '2024-01-18 08:30:00','WAUENAF44HN000019',2),
    (14, 150.00, 200.00, 'Diagnostyka komputerowa, komunikat o błędach.', '04:40:00', '2024-02-22 10:00:00', '2024-02-22 19:00:00', '2024-02-23 10:00:00','WAUBGAFL6CA000016',2),
    (15, 180.00, 220.00, 'Wymiana amortyzatorów, buczące zawieszenie.', '05:30:00', '2024-03-15 13:30:00', '2024-03-17 16:30:00', '2024-03-15 14:00:00','WVWZZZ3CZDE000020',2),
    (16, 80.00, 120.00, 'Wymiana klocków hamulcowych, trzesienie przy hamowaniu.', '04:30:00', '2024-04-10 09:00:00', '2024-04-11 10:30:00', '2024-04-10 08:45:00','WAUZZZ8K0BA000021',2),
    (17, 100.00, 140.00, 'Proszę o sprawdzenie układu elektrycznego, problemy z oświetleniem.', '04:40:00', '2024-05-24 14:45:00', '2024-05-25 16:45:00', '2024-05-24 15:00:00','WP0ZZZ99Z7S000022',2),
    (18, 120.00, 160.00, 'Naprawa układu wydechowego, głośne dźwięki.', '04:50:00', '2024-06-20 10:00:00', '2024-06-20 18:00:00', '2024-06-20 10:10:00','WAUENAF44HN000023',2),
    (19, 150.00, 200.00, 'Wymiana płyty sprzęgła, trudności w zmianie biegów.', '04:20:00', '2024-07-15 12:30:00', '2024-07-16 15:30:00', '2024-07-15 12:00:00','WVWZZZ3CZDE000024',1),
    (20, 180.00, 220.00, 'Wymiana paska klinowego, ślizganie się.', Null, '2024-08-08 15:15:00', Null, '2024-08-09 15:00:00','WAUZZZ8K0BA000025',4);
    
INSERT INTO PRACOWNIK (Pesel, Imie, Nazwisko, Telefon, Email,Specjalizacja)
VALUES
    ('12345678901', 'Adam', 'Nowak', '+48 123 456 789', 'adam.nowak@example.com',1),
    ('23456789012', 'Anna', 'Kowalska', '+48 234 567 890', 'anna.kowalska@example.com',2),
    ('34567890123', 'Piotr', 'Wójcik', '+48 345 678 901', 'piotr.wojcik@example.com',3),
    ('45678901234', 'Katarzyna', 'Dąbrowska', '+48 456 789 012', 'katarzyna.dabrowska@example.com',4),
    ('56789012345', 'Marcin', 'Lewandowski', '+48 567 890 123', 'marcin.lewandowski@example.com',5),
    ('67890123456', 'Magdalena', 'Witkowska', '+48 678 901 234', 'magdalena.witkowska@example.com',6),
    ('78901234567', 'Mateusz', 'Kaczmarek', '+48 789 012 345', 'mateusz.kaczmarek@example.com',7),
    ('89012345678', 'Agnieszka', 'Mazur', '+48 890 123 456', 'agnieszka.mazur@example.com',8),
    ('90123456789', 'Bartosz', 'Jankowski', '+48 901 234 567', 'bartosz.jankowski@example.com',9),
    ('01234567890', 'Monika', 'Kowalczyk', '+48 012 345 678', 'monika.kowalczyk@example.com',10);

INSERT INTO CZESC (SKU, Numer_Katalogowy, Nazwa_Czesci, Ilosc_Na_Stanie, Cena, Numer_OEM, Ile_Zamowionych)
VALUES
    (1001, 'XYZ123', 'Filtr Oleju', 50, 15.00, 'OEM123', 10),
    (1002, 'ABC987', 'Klocki Hamulcowe', 30, 25.50, 'OEM456', 5),
    (1003, 'DEF456', 'Łożysko Koła', 40, 18.75, 'OEM789', 15),
    (1004, 'GHI789', 'Tarcza Hamulcowa', 20, 30.00, 'OEM234', 8),
    (1005, 'JKL654', 'Filtr Powietrza', 60, 12.50, 'OEM567', 20),
    (1006, 'MNO321', 'Akumulator', 35, 22.75, 'OEM890', 12),
    (1007, 'PQR987', 'Świeca Zapłonowa', 25, 28.50, 'OEM345', 18),
    (1008, 'STU456', 'Pasek Klinowy', 15, 35.25, 'OEM678', 25),
    (1009, 'VWX789', 'Łańcuch Napędowy', 45, 17.00, 'OEM901', 30),
    (1010, 'YZA321', 'Tłumik', 10, 40.50, 'OEM124', 22),
    (1011, 'BCD654', 'Amortyzator', 55, 14.25, 'OEM457', 7),
    (1012, 'EFG987', 'Zestaw Sprzęgła', 38, 26.00, 'OEM790', 14),
    (1013, 'HIJ654', 'Pompa Wody', 22, 32.75, 'OEM235', 9),
    (1014, 'KLM321', 'Rozrząd', 18, 38.50, 'OEM568', 6),
    (1015, 'NOP987', 'Koło Pasowe', 28, 20.25, 'OEM891', 16),
    (1016, 'PQR654', 'Turbosprężarka', 48, 16.50, 'OEM346', 11),
    (1017, 'STU789', 'Wtryskiwacz', 12, 45.00, 'OEM679', 13),
    (1018, 'VWX654', 'Sworzeń Wahacza', 42, 19.75, 'OEM902', 28),
    (1019, 'YZA987', 'Żarówki H7', 8, 50.50, 'OEM125', 17),
    (1020, 'BCD321', 'Żarówki H4', 33, 13.75, 'OEM458', 23),
    (1021, 'XYZ321', 'Płyn Chłodniczy', 20, 30.00, 'OEM791', 12),
    (1022, 'ABC987', 'Olej Silnikowy', 15, 40.25, 'OEM236', 19),
    (1023, 'DEF654', 'Klocki Hamulcowe', 25, 18.50, 'OEM569', 10),
    (1024, 'GHI789', 'Tarcza Hamulcowa', 50, 22.75, 'OEM892', 15),
    (1025, 'JKL321', 'Filtr Powietrza', 36, 28.00, 'OEM347', 21),
    (1026, 'MNO987', 'Akumulator', 42, 15.25, 'OEM680', 8),
    (1027, 'PQR654', 'Świeca Zapłonowa', 10, 35.50, 'OEM903', 14),
    (1028, 'STU987', 'Pasek Klinowy', 30, 20.00, 'OEM126', 9),
    (1029, 'VWX321', 'Łańcuch Napędowy', 18, 25.75, 'OEM459', 16),
    (1030, 'YZA987', 'Tłumik', 48, 32.50, 'OEM792', 12),
    (1031, 'BCD654', 'Amortyzator', 22, 38.25, 'OEM237', 7),
    (1032, 'EFG321', 'Zestaw Sprzęgła', 14, 45.00, 'OEM570', 18),
    (1033, 'HIJ987', 'Pompa Wody', 38, 15.75, 'OEM893', 24),
    (1034, 'KLM321', 'Rozrząd', 26, 28.50, 'OEM348', 11),
    (1035, 'NOP654', 'Koło Pasowe', 42, 20.25, 'OEM681', 14),
    (1036, 'PQR987', 'Turbosprężarka', 10, 37.00, 'OEM904', 20),
    (1037, 'STU321', 'Wtryskiwacz', 30, 24.75, 'OEM127', 9),
    (1038, 'VWX987', 'Sworzeń Wahacza', 16, 31.50, 'OEM460', 15);

    
INSERT INTO WYKONANA_USLUGA (Wizyta,Usluga,Pracownik,Data_Godzina_Poczatek, Data_Godzina_Zakonczenie, Status_Uslugi)
VALUES
    (1,1,'12345678901','2023-01-10 08:00:00', '2023-01-10 12:00:00', 2),
    (2,2,'23456789012','2023-02-15 09:30:00', '2023-02-15 14:45:00', 2),
    (3,3,'34567890123','2023-03-20 11:15:00', '2023-03-20 16:30:00', 2),
    (4,4,'45678901234','2023-04-20 13:45:00', NULL, 3),
    (5,5,'56789012345','2023-05-12 10:00:00', '2023-05-12 15:20:00', 2),
    (6,6,'67890123456','2023-06-18 12:30:00', '2023-06-18 17:45:00', 2),
    (7,7,'23456789012','2023-07-25 14:00:00', '2023-07-25 18:30:00', 2),
    (8,8,'78901234567','2023-08-10 09:45:00', '2023-08-10 13:00:00', 2),
    (9,9,'89012345678','2023-09-14 08:15:00', '2023-09-14 12:45:00', 2),
    (10,17,'34567890123','2023-10-20 15:30:00', '2023-10-22 17:30:00', 2),
    (10,10,'45678901234','2023-10-21 10:30:00', '2023-10-22 15:40:00', 2),
    (11,11,'12345678901','2023-11-08 11:45:00', '2023-11-08 16:15:00', 2),
    (12,12,'90123456789','2023-12-05 13:00:00', NULL, 1),
    (13,13,'01234567890','2024-01-18 09:30:00', '2024-01-18 14:00:00', 2),
    (14,14,'78901234567','2024-02-22 10:45:00', '2024-02-22 15:25:00', 2),
    (15,15,'67890123456','2024-03-16 12:00:00', '2024-03-16 17:30:00', 2),
    (16,16,'56789012345','2024-04-10 14:15:00', '2024-04-10 18:45:00', 2),
    (17,17,'34567890123','2024-05-25 08:30:00', '2024-05-25 13:10:00', 2),
    (18,18,'01234567890','2024-06-20 11:00:00', '2024-06-20 15:50:00', 2),
    (19,19,'78901234567','2024-07-15 13:20:00', '2024-07-15 17:40:00', 2);

INSERT INTO SPECJALIZACJA (ID, Nazwa)
VALUES
    (1, 'Mechanika'),
    (2, 'Elektronika'),
    (3, 'Naprawa Silnika'),
    (4, 'Układ Hamulcowy'),
    (5, 'Klimatyzacja'),
    (6, 'Naprawa Skrzyń Biegów'),
    (7, 'Zawieszenie'),
    (8, 'Naprawa Karoserii'),
    (9, 'Mechatronik'),
    (10, 'Diagnostyka Elektroniczna');

INSERT INTO SLOWNIK_STATUSU (ID, Nazwa)
VALUES
    (1, 'W trakcie'),
    (2, 'Zakończony'),
    (3, 'Anulowany'),
    (4, 'Oczekuje');
INSERT INTO CZESCI_DO_WIZYTY (Wizyta, SKU, Ilosc_Wykorzystanych) VALUES
    (1, 1001, 2),
    (1, 1005, 1),
    (2, 1011, 4),
    (2, 1026, 3),
    (3, 1003, 2),
    (4, 1016, 1),
    (5, 1014, 3),
    (6, 1018, 2),
    (6, 1030, 1),
    (7, 1019, 4),
    (7, 1024, 2),
    (8, 1012, 3),
    (9, 1023, 1),
    (9, 1028, 2),
    (10, 1020, 2),
    (11, 1035, 3),
    (12, 1037, 1),
    (12, 1038, 2),
    (13, 1022, 1),
    (14, 1032, 3);
INSERT INTO CZESCI_DO_USLUGI (Usluga, SKU, Ilosc_Potrzebnych) VALUES
    (1, 1001, 2),
    (1, 1005, 1),
    (2, 1011, 4),
    (2, 1026, 3),
    (3, 1003, 2),
    (4, 1016, 1),
    (5, 1014, 3),
    (6, 1018, 2),
    (6, 1030, 1),
    (7, 1019, 4),
    (7, 1024, 2),
    (8, 1012, 3),
    (9, 1023, 1),
    (9, 1028, 2),
    (10, 1020, 2),
    (11, 1035, 3),
    (12, 1037, 1),
    (12, 1038, 2),
    (13, 1022, 1),
    (14, 1032, 3);
INSERT INTO ZESTAW_USLUGA (ID, ID_USLUGA) VALUES
	(50,1),
    (51,2),
    (52,3),
    (52,4),
    (53,5),
    (54,6),
    (55,7),
    (56,8),
    (56,9),
    (57,10),
    (57,11),
    (58,12),
    (59,13),
    (59,14),
    (60,15),
    (61,16),
    (62,17),
    (62,18),
    (63,19),
    (64,20);